pedalconfig,description
"[0,0,0,0,0,0,0,0,0]",No effects clean tone
"[1,0,0,0,0,0,0,0,0]",wah wah 
"[0,1,0,0,0,0,0,0,0]",fuzz
"[0,0,1,0,0,0,0,0,0]",compressor
"[0,0,0,1,0,0,0,0,0]",EQ
"[0,0,0,0,1,0,0,0,0]",distortion
"[0,0,0,0,0,1,0,0,0]",delay
"[0,0,0,0,0,0,1,0,0]",tremolo
"[0,0,0,0,0,0,0,1,0]",chorus
"[0,0,0,0,0,0,0,0,1]",flanger
"[0,0,0,0,0,0,0,0,0]","Bright, crisp tones emanate, highlighting natural string vibrations"
"[0,0,0,0,0,0,0,0,0]","Warm woody resonance flows, echoing classic acoustic richness"
"[0,0,0,0,0,0,0,0,0]","Deep, full-bodied sound projects powerfully in open space"
"[0,0,0,0,0,0,0,0,0]","Rich, clear, and articulate; perfect for detailed fingerstyle"
"[0,0,0,0,0,0,0,0,0]","Smooth, mellow tones; ideal for jazz and soft blues"
"[0,0,0,0,0,0,0,0,0]","Raw, gritty edge cuts through the mix, purely organic"
"[0,0,0,0,0,0,0,0,0]","Gentle, soothing melodies drift softly from the hollow body"
"[0,0,0,0,0,0,0,0,0]","Bold, powerful strikes emphasize the guitar's natural dynamics"
"[0,0,0,0,0,0,0,0,0]","Sharp, edgy twangs perfect for country and bluegrass"
"[0,0,0,0,0,0,0,0,0]","Pure, unaltered sound rings true, a mirror of craftsmanship"
"[0,0,0,0,0,0,0,0,0]","Vibrant and lively, capturing the essence of every note"
"[0,0,0,0,0,0,0,0,0]",Subtle nuances reveal the guitar?s unique character
"[0,0,0,0,0,0,0,0,0]",Transparent tones allow underlying wood quality to shine
"[0,0,0,0,0,0,0,0,0]",Bell-like clarity resounds with each plucked note
"[0,0,0,0,0,0,0,0,0]","Soft, lush undertones provide a rich harmonic backdrop"
"[0,0,0,0,0,0,0,0,0]","Thick, creamy textures envelop the listener in warmth"
"[0,0,0,0,0,0,0,0,0]","Robust and round, a foundation for any ensemble"
"[0,0,0,0,0,0,0,0,0]","Minimalist, direct and unprocessed sound stands proudly"
"[0,0,0,0,0,0,0,0,0]","Metallic, bright twangs give life to classic riffs"
"[0,0,0,0,0,0,0,0,0]",Dynamic contrasts showcase the natural acoustic range
"[0,0,0,0,0,0,0,0,0]","Delicate and airy, perfect for ethereal musical passages"
"[0,0,0,0,0,0,0,0,0]","Earthy, organic tones hark back to roots music"
"[0,0,0,0,0,0,0,0,0]",Stripped-back sound exposes raw musical beauty
"[0,0,0,0,0,0,0,0,0]","Clear, punchy output suitable for percussive strumming"
"[0,0,0,0,0,0,0,0,0]",Silky smooth transitions glide effortlessly across genres
"[0,0,0,0,0,0,0,0,0]","Dry, direct sound emphasizes technical playing skills"
"[0,0,0,0,0,0,0,0,0]","Radiant and shimmering, ideal for bright melodic lines"
"[0,0,0,0,0,0,0,0,0]",Unfiltered clarity captures the essence of the wood
"[0,0,0,0,0,0,0,0,0]",Gritty realism brings blues and rock to life
"[0,0,0,0,0,0,0,0,0]","Strong, assertive notes command attention in any mix"
"[0,0,0,0,0,0,0,0,0]","Subdued and intimate, perfect for personal reflection"
"[0,0,0,0,0,0,0,0,0]","Crisp definition in each note, a guitarist?s dream"
"[0,0,0,0,0,0,0,0,0]",Lively twangs resonate with a vintage flair
"[0,0,0,0,0,0,0,0,0]","Solid, grounded tonality anchors blues and folk tunes"
"[0,0,0,0,0,0,0,0,0]","Focused and direct, every pluck resonates clearly"
"[0,0,0,0,0,0,0,0,0]",Pure acoustic bliss envelops listeners in natural vibes
"[0,0,0,0,0,0,0,0,0]",Subtle warmth radiates from each carefully crafted note
"[0,0,0,0,0,0,0,0,0]","Vibrant, full tones fill the air with color"
"[0,0,0,0,0,0,0,0,0]",Raw power and emotion bleed through each string
"[0,0,0,0,0,0,0,0,0]","Clean, unassuming sound perfect for classical pieces"
"[0,0,0,0,0,0,0,0,0]","Intimate, whisper-like tones invite close listening"
"[0,0,0,0,0,0,0,0,0]",Bold clarity meets understated elegance in perfect harmony
"[0,0,0,0,0,0,0,0,0]","Unadorned, straightforward sound appeals across musical styles"
"[0,0,0,0,0,0,0,0,0]",Lush overtones layer intricately for a rich sound
"[0,0,0,0,0,0,0,0,0]","Bright, direct tones emphasize the guitar?s high-quality build"
"[0,0,0,0,0,0,0,0,0]","Gentle, melodious sound ideal for soothing lullabies"
"[0,0,0,0,0,0,0,0,0]","Powerful, robust strumming fills the room with energy"
"[0,0,0,0,0,0,0,0,0]","Delicate, detailed picking articulates complex melodies beautifully"
"[0,0,0,0,0,0,0,0,0]","Dry, wooden tones echo traditional craftsmanship"
"[0,0,0,0,0,0,0,0,0]","Simple yet profound, revealing the guitar's natural charm"
"[0,0,0,0,0,0,0,0,0]",Strong fundamental notes provide a stable sonic base
"[0,0,0,0,0,0,0,0,0]","Clear, unembellished sound ideal for recording and mixing"
"[0,0,0,0,0,0,0,0,0]","Vibrant, energetic strumming brings songs to life"
"[0,0,0,0,0,0,0,0,0]","Refined, cultured tones suited for classical and jazz"
"[0,0,0,0,0,0,0,0,0]","Rustic, unpolished sound connects with grassroots music"
"[0,0,0,0,0,0,0,0,0]",Clear mid-tones highlight the natural acoustic balance
"[0,0,0,0,0,0,0,0,0]","Bare, naked sound strips music back to basics"
"[0,0,0,0,0,0,0,0,0]",Powerful lows and sparkling highs dominate the spectrum
"[0,0,0,0,0,0,0,0,0]","Soft, feathery touches create a dream-like atmosphere"
"[0,0,0,0,0,0,0,0,0]","Uncomplicated, straightforward plucking defines folk genres"
"[0,0,0,0,0,0,0,0,0]",Pure tonal quality showcases the guitar?s fine tuning
"[0,0,0,0,0,0,0,0,0]","Rich, enveloping sound perfect for solo performances"
"[0,0,0,0,0,0,0,0,0]","Punchy, bold strokes make for compelling rock riffs"
"[0,0,0,0,0,0,0,0,0]","Deep, echoing bass notes give depth to compositions"
"[0,0,0,0,0,0,0,0,0]","Crisp, radiant sound cuts through ambient noise"
"[0,0,0,0,0,0,0,0,0]","Bright, lively jangles perfect for upbeat tracks"
"[0,0,0,0,0,0,0,0,0]","Gentle, flowing strums evoke a sense of calm"
"[0,0,0,0,0,0,0,0,0]","Raw, unfiltered acoustic power drives energetic performances"
"[0,0,0,0,0,0,0,0,0]","Subtle, refined plucks ideal for intricate classical pieces"
"[0,0,0,0,0,0,0,0,0]","Robust, earthy tones ground the musical experience"
"[0,0,0,0,0,0,0,0,0]",Pristine sound quality highlights technical precision
"[0,0,0,0,0,0,0,0,0]","Warm, inviting tones draw listeners into the music"
"[0,0,0,0,0,0,0,0,0]","Sharp, clean strikes emphasize rhythm and timing"
"[0,0,0,0,0,0,0,0,0]","Smooth, fluid lines weave through melodic passages"
"[0,0,0,0,0,0,0,0,0]","Natural, unprocessed sound offers authentic musical expression"
"[0,0,0,0,0,0,0,0,0]","Balanced, even tones provide a solid sonic foundation"
"[0,0,0,0,0,0,0,0,0]",Minimalist sound captures the essence of modern music
"[1,0,0,0,0,0,0,0,0]",Wah effect adds a funky sweep to clean guitar notes
"[1,0,0,0,0,0,0,0,0]",Expressive wah modulations enhance the tone's dynamic range
"[1,0,0,0,0,0,0,0,0]","Smooth, vocal-like wah transitions give life to melodies"
"[1,0,0,0,0,0,0,0,0]",Funk-inspired wah tones perfect for groovy riffs
"[1,0,0,0,0,0,0,0,0]",Subtle wah effect creates a gently undulating sound
"[1,0,0,0,0,0,0,0,0]",Rich wah sweeps add drama to bluesy guitar licks
"[1,0,0,0,0,0,0,0,0]",Wah pedal accentuates the high and low frequencies dynamically
"[1,0,0,0,0,0,0,0,0]",Engaging wah articulations make the guitar talk
"[1,0,0,0,0,0,0,0,0]","Minimalist wah use, highlighting strategic musical moments"
"[1,0,0,0,0,0,0,0,0]",Creative wah inflections transform simple notes into expressions
"[1,0,0,0,0,0,0,0,0]",Wah pedal adds a quivering texture to sustained chords
"[1,0,0,0,0,0,0,0,0]",Controlled wah manipulation provides a unique sonic character
"[1,0,0,0,0,0,0,0,0]",Wah sweeps intensify the emotional impact of solos
"[1,0,0,0,0,0,0,0,0]","Lush, expressive wah tones ideal for psychedelic rock"
"[1,0,0,0,0,0,0,0,0]",Wah effect oscillates smoothly for a soothing vibe
"[1,0,0,0,0,0,0,0,0]",Deep wah sweeps bring a vintage feel to leads
"[1,0,0,0,0,0,0,0,0]","Guitar tone with wah, oscillating between bright and dark"
"[1,0,0,0,0,0,0,0,0]",Wah pedal emphasizes rhythmic patterns in funky jams
"[1,0,0,0,0,0,0,0,0]","Subdued wah effect for a mysterious, intriguing sound"
"[1,0,0,0,0,0,0,0,0]",Wah-infused guitar lines mimic human vocal expressions
"[1,0,0,0,0,0,0,0,0]",Expressive wah sweeps animate the guitar's melodic capabilities
"[1,0,0,0,0,0,0,0,0]","Wah tone with a slow, mesmerizing sweep"
"[1,0,0,0,0,0,0,0,0]","Bright, cutting wah effect slices through the mix"
"[1,0,0,0,0,0,0,0,0]","Deep, growling wah tones for aggressive rock playing"
"[1,0,0,0,0,0,0,0,0]",Articulate wah usage enhances jazz guitar solos
"[1,0,0,0,0,0,0,0,0]",Wah effect slowly builds tension in cinematic scores
"[1,0,0,0,0,0,0,0,0]",Wah adds an expressive layer to acoustic guitar performances
"[1,0,0,0,0,0,0,0,0]",Dynamic wah sweeps tailor the tone to emotional lyrics
"[1,0,0,0,0,0,0,0,0]",Gradual wah effect crescendos for dramatic flair
"[1,0,0,0,0,0,0,0,0]",Quick wah movements inject fun into pop guitar hooks
"[1,0,0,0,0,0,0,0,0]",Subtle wah touches add interest to soft ballads
"[1,0,0,0,0,0,0,0,0]",Wah effect mirrors vocal lines in duets
"[1,0,0,0,0,0,0,0,0]",Pronounced wah sweeps highlight technical guitar solos
"[1,0,0,0,0,0,0,0,0]",Soft wah use adds a haunting quality to melodies
"[1,0,0,0,0,0,0,0,0]",Wah pedal crafts a sonic landscape in ambient music
"[1,0,0,0,0,0,0,0,0]",Wah adds a sparkling contrast to otherwise mellow tones
"[1,0,0,0,0,0,0,0,0]",Precise wah articulation controls the guitar's tonal shifts
"[1,0,0,0,0,0,0,0,0]",Wah effect used sparingly for nuanced musical expressions
"[1,0,0,0,0,0,0,0,0]","Slow, sweeping wah enriches the harmonic texture"
"[1,0,0,0,0,0,0,0,0]",Bright wah accents punctuate rhythmic guitar work
"[1,0,0,0,0,0,0,0,0]",Wah pedal enhances the guitar's responsiveness to touch
"[1,0,0,0,0,0,0,0,0]",Dramatic wah peaks create moments of musical climax
"[1,0,0,0,0,0,0,0,0]",Subtle wah swells provide a backdrop for vocalists
"[1,0,0,0,0,0,0,0,0]",Controlled wah dips add a percussive element to rhythm
"[1,0,0,0,0,0,0,0,0]",Wah sweeps parallel lyrical phrasing for added emphasis
"[1,0,0,0,0,0,0,0,0]",Expressive wah pedal techniques showcase the guitarist?s style
"[1,0,0,0,0,0,0,0,0]",Wah accentuates melody with nuanced tonal changes
"[1,0,0,0,0,0,0,0,0]",Quick wah flicks add excitement to rock anthems
"[1,0,0,0,0,0,0,0,0]","Gentle wah swells evoke a dreamy, surreal atmosphere"
"[1,0,0,0,0,0,0,0,0]",Wah pedal used to mimic other musical instruments
"[1,0,0,0,0,0,0,0,0]",Artful wah manipulation shapes the tone's narrative
"[1,0,0,0,0,0,0,0,0]",Wah adds a retro flair to modern tracks
"[1,0,0,0,0,0,0,0,0]",Pronounced wah effect for a standout guitar solo
"[1,0,0,0,0,0,0,0,0]",Wah sweeps add a twist to traditional blues
"[1,0,0,0,0,0,0,0,0]",Controlled wah modulation for a polished sound
"[1,0,0,0,0,0,0,0,0]",Wah effect intensifies the expressive power of ballads
"[1,0,0,0,0,0,0,0,0]",Subtle wah application enriches chord progressions
"[1,0,0,0,0,0,0,0,0]",Wah pedal used rhythmically for a danceable groove
"[1,0,0,0,0,0,0,0,0]",Slow wah movements for an introspective musical journey
"[1,0,0,0,0,0,0,0,0]",Quick wah pulses energize fast-paced songs
"[1,0,0,0,0,0,0,0,0]",Wah sweeps match the intensity of powerful vocals
"[1,0,0,0,0,0,0,0,0]",Wah effect highlights key phrases in guitar solos
"[1,0,0,0,0,0,0,0,0]",Soft wah undulations blend seamlessly into acoustic sets
"[1,0,0,0,0,0,0,0,0]","Wah adds a sharp, funky edge to clean tones"
"[1,0,0,0,0,0,0,0,0]",Dramatic wah usage for high-energy performances
"[1,0,0,0,0,0,0,0,0]",Wah sweeps enhance the atmosphere in psychedelic explorations
"[1,0,0,0,0,0,0,0,0]",Wah effect used to bridge melodic sections smoothly
"[1,0,0,0,0,0,0,0,0]",Gentle wah movements for subtle soundscapes
"[1,0,0,0,0,0,0,0,0]",Wah adds depth and texture to solo performances
"[1,0,0,0,0,0,0,0,0]",Precise wah control delineates different musical themes
"[1,0,0,0,0,0,0,0,0]",Dynamic wah sweeps follow the emotional arcs of songs
"[1,0,0,0,0,0,0,0,0]",Wah pedal brings a theatrical element to live shows
"[1,0,0,0,0,0,0,0,0]",Subtle wah fluctuations enhance lyrical guitar playing
"[1,0,0,0,0,0,0,0,0]",Wah sweeps offer a sonic exploration in experimental music
"[1,0,0,0,0,0,0,0,0]",Wah effects bridge classical guitar with modern sounds
"[1,0,0,0,0,0,0,0,0]",Expressive wah use for storytelling through music
"[1,0,0,0,0,0,0,0,0]",Wah sweeps echo the dynamic shifts in musical narratives
"[1,0,0,0,0,0,0,0,0]",Controlled wah effects for detailed sound sculpting
"[1,0,0,0,0,0,0,0,0]",Wah provides a signature sound to iconic riffs
"[1,0,0,0,0,0,0,0,0]",Expressive wah modulation for impactful musical moments
"[1,0,0,0,0,0,0,0,0]",Wah effect adds a layer of complexity to harmonies
"[1,0,0,0,0,0,0,0,0]","Gentle wah application for a smooth, flowing sound"
"[1,0,0,0,0,0,0,0,0]",Wah sweeps give a distinctive character to covers
"[1,0,0,0,0,0,0,0,0]","Quick wah adjustments for lively, energetic tracks"
"[1,0,0,0,0,0,0,0,0]",Wah adds an oscillating texture to rhythm guitar
"[1,0,0,0,0,0,0,0,0]",Expressive wah sweeps turn guitar solos into performances
"[1,0,0,0,0,0,0,0,0]","Subtle wah touches for delicate, nuanced expression"
"[0,1,0,0,0,0,0,0,0]","Fuzz envelops the tone in a warm, thick sonic blanket"
"[0,1,0,0,0,0,0,0,0]","Gritty, aggressive texture ideal for garage and psychedelic rock"
"[0,1,0,0,0,0,0,0,0]",Creates a sustain-rich sound that sings and sustains longer
"[0,1,0,0,0,0,0,0,0]","Produces a dirty, crunchy tone, perfect for classic rock"
"[0,1,0,0,0,0,0,0,0]","Adds a woolly, saturated thickness to every strum and note"
"[0,1,0,0,0,0,0,0,0]","Imparts a chaotic, raspy edge to lead guitar solos"
"[0,1,0,0,0,0,0,0,0]",Yields a vintage sound reminiscent of 60s rock and roll
"[0,1,0,0,0,0,0,0,0]","Offers a heavily distorted atmosphere, filled with harmonic richness"
"[0,1,0,0,0,0,0,0,0]",Generates a wall of sound effect for massive audio impact
"[0,1,0,0,0,0,0,0,0]","Thickens up the tone, making simple riffs sound huge"
"[0,1,0,0,0,0,0,0,0]","Muddy, lo-fi quality suits stoner and doom metal genres"
"[0,1,0,0,0,0,0,0,0]","Delivers a robust, commanding presence in a band mix"
"[0,1,0,0,0,0,0,0,0]",Layers a sizzling texture over the natural guitar sound
"[0,1,0,0,0,0,0,0,0]","Brings a raw, unpolished grit to clean guitar lines"
"[0,1,0,0,0,0,0,0,0]",Creates a booming bass presence with low-end fuzz
"[0,1,0,0,0,0,0,0,0]",Provides an almost synth-like quality to guitar melodies
"[0,1,0,0,0,0,0,0,0]","Enhances sustain, letting notes ring out with force"
"[0,1,0,0,0,0,0,0,0]","Introduces a wild, unpredictable element to guitar playing"
"[0,1,0,0,0,0,0,0,0]","Fills the sonic space with a dense, pervasive fuzz"
"[0,1,0,0,0,0,0,0,0]",Converts gentle touches into snarling bursts of sound
"[0,1,0,0,0,0,0,0,0]","Amplifies the attack, making each note hit harder"
"[0,1,0,0,0,0,0,0,0]",Smoothes out the dynamics for a consistently heavy output
"[0,1,0,0,0,0,0,0,0]",Offers a sustain that can hold notes indefinitely
"[0,1,0,0,0,0,0,0,0]","Swells into a noisy, enveloping cloud when chords are struck"
"[0,1,0,0,0,0,0,0,0]","Adds a splatty, spitting texture to staccato playing"
"[0,1,0,0,0,0,0,0,0]","Melds notes together in a chaotic, yet musical way"
"[0,1,0,0,0,0,0,0,0]","Lets high notes scream with an intense, piercing quality"
"[0,1,0,0,0,0,0,0,0]",Drives the guitar into feedback easily for dramatic effects
"[0,1,0,0,0,0,0,0,0]",Engulfs the tonal nuances in a sea of distortion
"[0,1,0,0,0,0,0,0,0]",Produces an unruly sound that breaks up unpredictably
"[0,1,0,0,0,0,0,0,0]",Adds body and weight to thin-sounding guitars
"[0,1,0,0,0,0,0,0,0]",Creates a sonic boom with every chord struck
"[0,1,0,0,0,0,0,0,0]","Renders blues licks with a gritty, soulful expression"
"[0,1,0,0,0,0,0,0,0]",Evokes the sounds of classic rock fuzz pedals
"[0,1,0,0,0,0,0,0,0]",Turns the guitar tone into a monstrous roar
"[0,1,0,0,0,0,0,0,0]",Generates a fuzz tone that cuts through even dense mixes
"[0,1,0,0,0,0,0,0,0]",Allows for a dynamic range from subtle to extreme fuzz
"[0,1,0,0,0,0,0,0,0]","Thickens harmonics, adding a complex texture to notes"
"[0,1,0,0,0,0,0,0,0]","Infuses leads with a raspy, sputtering character"
"[0,1,0,0,0,0,0,0,0]",Transforms the guitar?s sound into a powerful sonic force
"[0,1,0,0,0,0,0,0,0]","Yields a rough, aggressive sound that commands attention"
"[0,1,0,0,0,0,0,0,0]",Makes every riff and lick drip with fuzzy saturation
"[0,1,0,0,0,0,0,0,0]",Lets even the simplest melody lines resonate with authority
"[0,1,0,0,0,0,0,0,0]","Introduces a splashy, explosive quality to dynamic playing"
"[0,1,0,0,0,0,0,0,0]","Coats the sound with a dirty, edgy veneer"
"[0,1,0,0,0,0,0,0,0]","Adds a biting, abrasive texture to rock and metal tunes"
"[0,1,0,0,0,0,0,0,0]","Creates a brooding, menacing tone perfect for darker music"
"[0,1,0,0,0,0,0,0,0]","Infuses the guitar with a thick, meaty sonic character"
"[0,1,0,0,0,0,0,0,0]","Compresses the sound, leveling out volume peaks and valleys"
"[0,1,0,0,0,0,0,0,0]","Enhances feedback, making it musical and controllable"
"[0,1,0,0,0,0,0,0,0]",Gives a vintage tube amp-like distortion at high volumes
"[0,1,0,0,0,0,0,0,0]","Saturates the tone, allowing for rich harmonic overtones"
"[0,1,0,0,0,0,0,0,0]","Transforms clean guitar into a gritty, powerful beast"
"[0,1,0,0,0,0,0,0,0]","Mimics the sound of old, overdriven tube amplifiers"
"[0,1,0,0,0,0,0,0,0]","Fuzz effect accentuates every note, making it stand out"
"[0,1,0,0,0,0,0,0,0]","Produces a massive, overwhelming sound wall when strummed hard"
"[0,1,0,0,0,0,0,0,0]",Makes palm-muted notes thump with a percussive impact
"[0,1,0,0,0,0,0,0,0]","Adds a scorching, fiery edge to solos and leads"
"[0,1,0,0,0,0,0,0,0]","Brings a velvety, yet abrasive quality to the guitar?s timbre"
"[0,1,0,0,0,0,0,0,0]","Layers the sound with rich, textured overtones"
"[0,1,0,0,0,0,0,0,0]",Generates a thick static that permeates every chord played
"[0,1,0,0,0,0,0,0,0]",Converts the guitar?s tone into a buzzing swarm
"[0,1,0,0,0,0,0,0,0]",Lets single notes explode with color and vibrancy
"[0,1,0,0,0,0,0,0,0]","Coaxes a snarling, beast-like growl from electric guitar"
"[0,1,0,0,0,0,0,0,0]",Offers a blast of sonic fuzz with every note played
"[0,1,0,0,0,0,0,0,0]",Creates a storm of sound that's both raw and refined
"[0,1,0,0,0,0,0,0,0]",Elevates guitar solos to searing heights with intense fuzz
"[0,1,0,0,0,0,0,0,0]",Morphs the guitar?s output into a gritty sonic landscape
"[0,1,0,0,0,0,0,0,0]","Engages a deep, rumbling distortion that shakes the ground"
"[0,1,0,0,0,0,0,0,0]",Colors the music with a chaotic yet compelling distortion
"[0,1,0,0,0,0,0,0,0]","Fills the room with a resonant, powerful fuzz effect"
"[0,0,1,0,0,0,0,0,0]","Compression evens out volume spikes, creating a smoother sound overall"
"[0,0,1,0,0,0,0,0,0]","Sustained notes last longer, enhancing the guitar's melodic potential"
"[0,0,1,0,0,0,0,0,0]","Quieter passages gain presence, making soft playing more audible"
"[0,0,1,0,0,0,0,0,0]","Attack of each note is sharper, giving clear, precise articulation"
"[0,0,1,0,0,0,0,0,0]",Subtle compression adds polish without altering the guitar's character
"[0,0,1,0,0,0,0,0,0]","Dynamics are reduced, making loud and soft sounds more uniform"
"[0,0,1,0,0,0,0,0,0]","Punchier sound, with increased impact on initial note attack"
"[0,0,1,0,0,0,0,0,0]","Brings out subtle nuances, enhancing finger noise and pick attack"
"[0,0,1,0,0,0,0,0,0]","Makes strumming more cohesive, with a consistent level across chords"
"[0,0,1,0,0,0,0,0,0]","Boosts sustain, allowing notes to ring out with fullness"
"[0,0,1,0,0,0,0,0,0]","Adds a professional sheen to live performances, ensuring clarity"
"[0,0,1,0,0,0,0,0,0]","Tightens up the sound, reducing muddiness in complex chords"
"[0,0,1,0,0,0,0,0,0]","Increases loudness, making the guitar stand out in mixes"
"[0,0,1,0,0,0,0,0,0]","Balances the tone, making it easier to fit into recordings"
"[0,0,1,0,0,0,0,0,0]",Enhances the overall warmth and richness of the guitar tone
"[0,0,1,0,0,0,0,0,0]","Makes each pluck more pronounced, emphasizing the attack phase"
"[0,0,1,0,0,0,0,0,0]",Levels out the dynamic range for a more controlled sound
"[0,0,1,0,0,0,0,0,0]","Squashes peaks, providing a solid and powerful constant output"
"[0,0,1,0,0,0,0,0,0]",Gives a subtle lift to lower-level sounds for fullness
"[0,0,1,0,0,0,0,0,0]",Provides a sonic cushion that helps notes blend smoothly together
"[0,0,1,0,0,0,0,0,0]","Makes everything sound thicker and more substantial, even at low volumes"
"[0,0,1,0,0,0,0,0,0]","Compressed signals cut through the mix, ideal for studio work"
"[0,0,1,0,0,0,0,0,0]",Reduces the need for constant volume adjustments while playing
"[0,0,1,0,0,0,0,0,0]",Maintains a consistent output for better live sound management
"[0,0,1,0,0,0,0,0,0]",Increases harmonic richness by bringing out overtones in the signal
"[0,0,1,0,0,0,0,0,0]",Flattens dynamics for a more predictable and reliable sound
"[0,0,1,0,0,0,0,0,0]","Reduces signal variability, ensuring every note is heard clearly"
"[0,0,1,0,0,0,0,0,0]",Enhances sustain without the need for excessive gain or volume
"[0,0,1,0,0,0,0,0,0]","Keeps the sound tight and focused, especially in band settings"
"[0,0,1,0,0,0,0,0,0]",Allows for a more even tone across different playing techniques
"[0,0,1,0,0,0,0,0,0]","Compressor acts subtly, maintaining musicality while controlling peaks"
"[0,0,1,0,0,0,0,0,0]","Makes slide guitar sing with prolonged, even-toned sustain"
"[0,0,1,0,0,0,0,0,0]","Encourages a smoother transition between notes, ideal for legato styles"
"[0,0,1,0,0,0,0,0,0]","Preserves energy in the sound, even during low volume passages"
"[0,0,1,0,0,0,0,0,0]",Allows for better control over the instrument?s sonic footprint
"[0,0,1,0,0,0,0,0,0]",Optimizes the guitar's response to both picking and strumming
"[0,0,1,0,0,0,0,0,0]","Provides a constant volume, essential for rhythmic playing consistency"
"[0,0,1,0,0,0,0,0,0]","Softens the edges of aggressive playing, smoothing out harshness"
"[0,0,1,0,0,0,0,0,0]",Facilitates more expressive playing by balancing loud and soft touches
"[0,0,1,0,0,0,0,0,0]","Prevents distortion caused by signal peaking, ensuring cleaner amplification"
"[0,0,1,0,0,0,0,0,0]",Creates a more listener-friendly sound by reducing dynamic extremes
"[0,0,1,0,0,0,0,0,0]",Offers a relentless output that's robust across all frequencies
"[0,0,1,0,0,0,0,0,0]","Compression brings every detail into focus, highlighting intricate playing"
"[0,0,1,0,0,0,0,0,0]",Enhances the overall musicality by maintaining energy throughout the performance
"[0,0,1,0,0,0,0,0,0]","Prevents signal decay, making sustain more pronounced and effective"
"[0,0,1,0,0,0,0,0,0]",Reduces finger squeaks and other unwanted noises during recording
"[0,0,1,0,0,0,0,0,0]",Makes quieter sections of playing more pronounced and impactful
"[0,0,1,0,0,0,0,0,0]",Improves the efficiency of signal processing in pedals and amps
"[0,0,1,0,0,0,0,0,0]",Ensures every nuance of playing is captured and amplified
"[0,0,1,0,0,0,0,0,0]",Aids in achieving a studio-quality sound during live performances
"[0,0,1,0,0,0,0,0,0]",Helps in sculpting a precise and articulate acoustic tone
"[0,0,1,0,0,0,0,0,0]",Delivers a consistent tone that's reliable across various venues
"[0,0,1,0,0,0,0,0,0]",Amplifies the natural characteristics of the guitar without distortion
"[0,0,1,0,0,0,0,0,0]","Keeps volume levels manageable, reducing the risk of feedback"
"[0,0,1,0,0,0,0,0,0]",Allows for smoother bends and vibratos with prolonged note life
"[0,0,1,0,0,0,0,0,0]",Facilitates better synchronization with other instruments in a band
"[0,0,1,0,0,0,0,0,0]",Creates a more forgiving environment for experimental playing styles
"[0,0,1,0,0,0,0,0,0]",Compressed tone is less prone to sudden jumps in volume
"[0,0,1,0,0,0,0,0,0]",Makes the guitar?s output more predictable and easier to mix
"[0,0,1,0,0,0,0,0,0]","Helps articulate the start of each note, enhancing clarity"
"[0,0,1,0,0,0,0,0,0]",Uniform volume helps in translating emotion more consistently
"[0,0,1,0,0,0,0,0,0]","Offers a solid foundation for effects stacking, like delay or reverb"
"[0,0,1,0,0,0,0,0,0]",Smooths out the audio signal for a more refined sound
"[0,0,1,0,0,0,0,0,0]",Prepares the guitar signal for further effects processing
"[0,0,1,0,0,0,0,0,0]",Ideal for both studio recording and live sound reinforcement
"[0,0,1,0,0,0,0,0,0]","Acts as a sonic glue, blending notes seamlessly into chords"
"[0,0,1,0,0,0,0,0,0]",Enhances the impact of percussive playing techniques on electric guitar
"[0,0,1,0,0,0,0,0,0]",Minimizes disparities between string outputs for balanced performance
"[0,0,1,0,0,0,0,0,0]",Compressor settings can be adjusted for desired effect intensity
"[0,0,1,0,0,0,0,0,0]",Improves the feel and response of electric guitars significantly
"[0,0,1,0,0,0,0,0,0]",Sustains even the subtlest nuances in intricate fingerstyle playing
"[0,0,1,0,0,0,0,0,0]",Helps maintain consistent sound quality in fluctuating live environments
"[0,0,1,0,0,0,0,0,0]",Adjusts the guitar's dynamic range for better harmonic expression
"[0,0,1,0,0,0,0,0,0]",Soft compression settings maintain dynamics while still providing support
"[0,0,1,0,0,0,0,0,0]",Facilitates more dynamic expression by leveling volume extremes
"[0,0,1,0,0,0,0,0,0]",Allows players to focus more on technique than on dynamics
"[0,0,1,0,0,0,0,0,0]",Compressor adjusts tonal output for seamless transitions
"[0,0,1,0,0,0,0,0,0]",Smooth handling of dynamic swings with compression
"[0,0,1,0,0,0,0,0,0]",Precise dynamic adjustment adds clarity to live sound
"[0,0,1,0,0,0,0,0,0]",Compression layers depth into each guitar note
"[0,0,1,0,0,0,0,0,0]",Subtle compressor application improves overall sound quality
"[0,0,1,0,0,0,0,0,0]",Dynamic leveling via compressor perfect for multi-instrumental tracks
"[0,0,0,1,0,0,0,0,0]","EQ shapes the tone, boosting clarity and cutting through mix"
"[0,0,0,1,0,0,0,0,0]",Enhanced lows bring richness and depth to the guitar sound
"[0,0,0,1,0,0,0,0,0]",Crisp highs make each note sparkle with definition and brightness
"[0,0,0,1,0,0,0,0,0]","Mid-range boost adds warmth and body, enhancing overall presence"
"[0,0,0,1,0,0,0,0,0]","Subtle treble adjustments add airiness, lifting the sonic profile"
"[0,0,0,1,0,0,0,0,0]","Cut in the lower mids reduces muddiness, clarifying the sound"
"[0,0,0,1,0,0,0,0,0]","Accentuated bass frequencies provide a solid, robust foundation"
"[0,0,0,1,0,0,0,0,0]","Scooped mids create a distinct, modern rock and metal tone"
"[0,0,0,1,0,0,0,0,0]",Gentle high-frequency roll-off softens overly sharp or brittle sounds
"[0,0,0,1,0,0,0,0,0]","Balanced EQ setting offers a natural, transparent acoustic tone"
"[0,0,0,1,0,0,0,0,0]",Precision cuts in specific frequencies eliminate feedback and resonance issues
"[0,0,0,1,0,0,0,0,0]",Slight mid boost emphasizes fingerstyle techniques and nuanced playing
"[0,0,0,1,0,0,0,0,0]","Low-end reduction tightens the sound for cleaner, crisper output"
"[0,0,0,1,0,0,0,0,0]",High boost increases articulation for better pick attack clarity
"[0,0,0,1,0,0,0,0,0]",Peak frequency adjustments enhance the guitar's unique character traits
"[0,0,0,1,0,0,0,0,0]","Subdued highs for a warmer, more vintage tone"
"[0,0,0,1,0,0,0,0,0]",Incremental bass boost adds thickness to thin-sounding guitars
"[0,0,0,1,0,0,0,0,0]","Shelving EQ brightens up dark, underwhelming guitar pickups"
"[0,0,0,1,0,0,0,0,0]",Fine-tuned EQ settings match the guitar perfectly with the band
"[0,0,0,1,0,0,0,0,0]","Mellowed highs create a smooth, pleasing listening experience"
"[0,0,0,1,0,0,0,0,0]",Strategic frequency boosts improve the guitar?s performance in live settings
"[0,0,0,1,0,0,0,0,0]",Precise adjustments carve out a perfect niche in dense mixes
"[0,0,0,1,0,0,0,0,0]",EQ flattens the tone for consistent sound across all strings
"[0,0,0,1,0,0,0,0,0]",Enhancements at specific kHz points bring out desired harmonics
"[0,0,0,1,0,0,0,0,0]",Targeted cuts at troublesome frequencies ensure cleaner live sound
"[0,0,0,1,0,0,0,0,0]","Bell curve adjustments for subtle, musical tonal shaping"
"[0,0,0,1,0,0,0,0,0]",Linear EQ maintains the guitar?s natural dynamics and response
"[0,0,0,1,0,0,0,0,0]",Graphic EQ sliders adjust the tone visually and sonically
"[0,0,0,1,0,0,0,0,0]",Parametric EQ tweaks allow detailed control over sound shaping
"[0,0,0,1,0,0,0,0,0]",Fixed EQ bands simplify adjustments for quick setup
"[0,0,0,1,0,0,0,0,0]",Sweeping EQ changes provide dramatic shifts in sound character
"[0,0,0,1,0,0,0,0,0]",High-pass filtering removes unnecessary bass for better mix clarity
"[0,0,0,1,0,0,0,0,0]",Low-pass filtering darkens the tone by removing high-end harshness
"[0,0,0,1,0,0,0,0,0]",Notch filtering dials out specific problem frequencies with precision
"[0,0,0,1,0,0,0,0,0]",Boosting upper mids accentuates clarity and presence in solos
"[0,0,0,1,0,0,0,0,0]",Shelving low frequencies enrich the rhythmic strumming sound
"[0,0,0,1,0,0,0,0,0]",Careful shaping around vocal frequencies avoids masking singer?s range
"[0,0,0,1,0,0,0,0,0]",Gentle EQ touches maintain the guitar?s acoustic integrity
"[0,0,0,1,0,0,0,0,0]",Tight EQ control keeps the sound focused and direct
"[0,0,0,1,0,0,0,0,0]",Expanded frequency response enhances both low and high ends
"[0,0,0,1,0,0,0,0,0]","Rolling off the bass cleans up muddy, cluttered tones"
"[0,0,0,1,0,0,0,0,0]",Variable Q settings adjust the sharpness of EQ effects
"[0,0,0,1,0,0,0,0,0]",Boost at the fundamental frequency enriches the natural tone
"[0,0,0,1,0,0,0,0,0]",Subtle presence lift makes the guitar stand out subtly
"[0,0,0,1,0,0,0,0,0]",Increased headroom through careful EQ balancing prevents signal clipping
"[0,0,0,1,0,0,0,0,0]",Refined EQ curve smooths transitions between different playing styles
"[0,0,0,1,0,0,0,0,0]",Sweeping mid cuts create space for other mid-dominant instruments
"[0,0,0,1,0,0,0,0,0]",EQ automation during performance adjusts the tone dynamically
"[0,0,0,1,0,0,0,0,0]",Dip in the upper mids reduces piercing high notes
"[0,0,0,1,0,0,0,0,0]","Tightened low end supports more articulate, defined bass lines"
"[0,0,0,1,0,0,0,0,0]",Broad frequency enhancement adds life and vibrancy to recordings
"[0,0,0,1,0,0,0,0,0]",Custom EQ presets cater to various musical genres and styles
"[0,0,0,1,0,0,0,0,0]",Dialing in the perfect EQ setting boosts overall musical expression
"[0,0,0,1,0,0,0,0,0]",Matched EQ settings across different guitars unify band sound
"[0,0,0,1,0,0,0,0,0]",Layered EQ approach builds depth and complexity in tone
"[0,0,0,1,0,0,0,0,0]",EQ adjustments compensate for room acoustics and setup variations
"[0,0,0,1,0,0,0,0,0]",Controlled resonance through EQ mitigates unwanted string vibrations
"[0,0,0,1,0,0,0,0,0]",Optimized EQ for solo passages highlights intricate playing details
"[0,0,0,1,0,0,0,0,0]",Strategic boosts and cuts fulfill specific sonic goals
"[0,0,0,1,0,0,0,0,0]",Adjusting EQ in real-time adapts to song dynamics
"[0,0,0,1,0,0,0,0,0]",User-friendly EQ interfaces allow quick on-the-fly adjustments
"[0,0,0,1,0,0,0,0,0]",EQ matching tools replicate desired tones from recordings
"[0,0,0,1,0,0,0,0,0]",Frequency-specific enhancements improve guitar?s live impact and presence
"[0,0,0,1,0,0,0,0,0]",Precise treble management adds crispness without sibilance or harshness
"[0,0,0,1,0,0,0,0,0]",EQ sweeps test and refine the guitar's frequency response
"[0,0,0,1,0,0,0,0,0]","Low-frequency shelving supports a powerful, driving rhythm section"
"[0,0,0,1,0,0,0,0,0]",Tailored EQ curve smooths out the overall sound profile
"[0,0,0,1,0,0,0,0,0]",High-mid emphasis cuts through even the densest mixes
"[0,0,0,1,0,0,0,0,0]",Subtle low-mid sculpting removes boominess and increases clarity
"[0,0,0,1,0,0,0,0,0]",Advanced EQ techniques mold the perfect studio guitar sound
"[0,0,0,1,0,0,0,0,0]",EQ presets for different pickup configurations maximize versatility
"[0,0,0,1,0,0,0,0,0]",Frequency band adjustments help the guitar fit within various genres
"[0,0,0,1,0,0,0,0,0]",Personalized EQ settings reflect the unique style and technique of the player
"[0,0,0,1,0,0,0,0,0]",Tonal correction through EQ fixes issues from less-than-ideal recording environments
"[0,0,0,1,0,0,0,0,0]",Dynamic EQ responds to the playing intensity for adaptive tone shaping
"[0,0,0,1,0,0,0,0,0]",Custom EQ mapping for each part of the performance
"[0,0,0,1,0,0,0,0,0]",Dynamic EQ tracking to adjust in real-time during gigs
"[0,0,0,1,0,0,0,0,0]",EQ profiling to replicate iconic guitar tones
"[0,0,0,1,0,0,0,0,0]",Automated EQ adjustments based on performance needs
"[0,0,0,0,1,0,0,0,0]","Distortion cranks up the grit, perfect for hard rock riffs"
"[0,0,0,0,1,0,0,0,0]","Heavy distortion engulfs sound in a thick, aggressive wave"
"[0,0,0,0,1,0,0,0,0]","Sizzling distortion adds edge to solos, cutting through mixes"
"[0,0,0,0,1,0,0,0,0]","Warm, tube-like distortion brings vintage vibes to modern play"
"[0,0,0,0,1,0,0,0,0]","Crunchy distortion enhances rhythms with satisfying, percussive texture"
"[0,0,0,0,1,0,0,0,0]",Smooth distortion melds notes together for rich musical tapestries
"[0,0,0,0,1,0,0,0,0]",High-gain distortion drives the tone into metal territory
"[0,0,0,0,1,0,0,0,0]","Light distortion provides a bluesy crunch, subtle yet effective"
"[0,0,0,0,1,0,0,0,0]",Fierce distortion transforms clean lines into roaring statements
"[0,0,0,0,1,0,0,0,0]","Intense distortion saturates every chord with powerful, dynamic energy"
"[0,0,0,0,1,0,0,0,0]","Harmonically rich distortion creates a full, enveloping sound"
"[0,0,0,0,1,0,0,0,0]",Overdriven distortion offers classic rock and roll warmth
"[0,0,0,0,1,0,0,0,0]",Layered distortion builds a wall of sound in band settings
"[0,0,0,0,1,0,0,0,0]",Mild distortion adds just a hint of grit to melodies
"[0,0,0,0,1,0,0,0,0]",Blistering distortion perfect for aggressive punk and metal genres
"[0,0,0,0,1,0,0,0,0]",Subtle distortion warms up acoustic performances unexpectedly
"[0,0,0,0,1,0,0,0,0]",Controlled distortion shapes detailed solo passages beautifully
"[0,0,0,0,1,0,0,0,0]",Deep distortion growls under heavy rhythm sections
"[0,0,0,0,1,0,0,0,0]",Sharp distortion slices through with precision in lead playing
"[0,0,0,0,1,0,0,0,0]",Full-bodied distortion provides sustain for extended solos
"[0,0,0,0,1,0,0,0,0]",Gritty distortion gives character to blues and rock tunes
"[0,0,0,0,1,0,0,0,0]",Soft distortion blurs the lines between clean and dirty
"[0,0,0,0,1,0,0,0,0]",Dynamic distortion reacts to playing intensity with versatility
"[0,0,0,0,1,0,0,0,0]",Thick distortion envelops the listener in sonic warmth
"[0,0,0,0,1,0,0,0,0]",Sweeping distortion carries melodies across energetic choruses
"[0,0,0,0,1,0,0,0,0]",Transparent distortion maintains note clarity under heavy effects
"[0,0,0,0,1,0,0,0,0]",Wild distortion unleashes raw power for standout performances
"[0,0,0,0,1,0,0,0,0]",Bright distortion sparks high frequencies for clarity and presence
"[0,0,0,0,1,0,0,0,0]",Booming distortion underpins powerful bass lines and riffs
"[0,0,0,0,1,0,0,0,0]",Edgy distortion crafts the perfect punk rock tone
"[0,0,0,0,1,0,0,0,0]",Artistic distortion paints a sonic picture full of emotion
"[0,0,0,0,1,0,0,0,0]",Selective distortion enhances key musical phrases dramatically
"[0,0,0,0,1,0,0,0,0]",Balanced distortion evenly spreads across all frequencies
"[0,0,0,0,1,0,0,0,0]","Rhythmic distortion pulses with the beat, driving songs forward"
"[0,0,0,0,1,0,0,0,0]",Razor-sharp distortion cuts with aggressive musical thrust
"[0,0,0,0,1,0,0,0,0]",Sweeping distortion effects create a cascade of sound waves
"[0,0,0,0,1,0,0,0,0]",Thick and creamy distortion layers add depth to tracks
"[0,0,0,0,1,0,0,0,0]",Refined distortion polishes the sound without overwhelming
"[0,0,0,0,1,0,0,0,0]",Broad spectrum distortion fills the sonic space with color
"[0,0,0,0,1,0,0,0,0]",Penetrating distortion breaks through the mix with authority
"[0,0,0,0,1,0,0,0,0]",Delicate distortion feathers edges for a dreamy effect
"[0,0,0,0,1,0,0,0,0]",Cascading distortion rolls over the music in waves
"[0,0,0,0,1,0,0,0,0]",Focused distortion targets mid-range frequencies for impact
"[0,0,0,0,1,0,0,0,0]",Bursting distortion explodes with energy at climactic moments
"[0,0,0,0,1,0,0,0,0]",Unrelenting distortion powers through the heaviest rock anthems
"[0,0,0,0,1,0,0,0,0]",Surging distortion amplifies the emotional intensity of lyrics
"[0,0,0,0,1,0,0,0,0]",Precise distortion application accentuates artistic expression
"[0,0,0,0,1,0,0,0,0]",Uniform distortion coats every note for consistency
"[0,0,0,0,1,0,0,0,0]",Adaptive distortion shifts character with playing dynamics
"[0,0,0,0,1,0,0,0,0]",Heavily layered distortion wraps sound in a thick blanket
"[0,0,0,0,1,0,0,0,0]",Silky distortion weaves through melodies for smooth transitions
"[0,0,0,0,1,0,0,0,0]",Pulsating distortion throbs with the heartbeat of the music
"[0,0,0,0,1,0,0,0,0]",Echoing distortion reverberates for a haunting musical effect
"[0,0,0,0,1,0,0,0,0]",Subdued distortion maintains a background presence subtly
"[0,0,0,0,1,0,0,0,0]",Progressive distortion evolves throughout the piece for dramatic effect
"[0,0,0,0,1,0,0,0,0]","Sustained distortion holds notes longer, enhancing sustain"
"[0,0,0,0,1,0,0,0,0]",Melodic distortion intertwines with tunes for musical depth
"[0,0,0,0,1,0,0,0,0]",Intricate distortion textures complex musical passages
"[0,0,0,0,1,0,0,0,0]",Harmonic distortion enriches overtones and harmonics
"[0,0,0,0,1,0,0,0,0]",Enveloping distortion swaddles the music in a fuzzy blanket
"[0,0,0,0,1,0,0,0,0]",Punchy distortion accentuates rhythm guitar's role
"[0,0,0,0,1,0,0,0,0]",Grinding distortion churns out powerhouse tones for rock
"[0,0,0,0,1,0,0,0,0]",Muffled distortion offers a lo-fi aesthetic to modern tracks
"[0,0,0,0,1,0,0,0,0]",Swirling distortion spins around the listener for immersive experience
"[0,0,0,0,1,0,0,0,0]",Bite-sized distortion adds a touch of aggression to pop
"[0,0,0,0,1,0,0,0,0]",Expansive distortion stretches across the entire audio spectrum
"[0,0,0,0,1,0,0,0,0]",Tuned distortion tailored specifically for soloing
"[0,0,0,0,1,0,0,0,0]",Gushing distortion floods the track with rich sound
"[0,0,0,0,1,0,0,0,0]",Clipping distortion creates an intentionally rough sound edge
"[0,0,0,0,1,0,0,0,0]",Whispering distortion subtly underlines acoustic nuances
"[0,0,0,0,1,0,0,0,0]",Flamboyant distortion commands attention with its bold sound profile
"[0,0,0,0,1,0,0,0,0]",Rippling distortion effects mimic water-like sonic movements
"[0,0,0,0,1,0,0,0,0]",Sculpted distortion chisels out a distinct musical identity
"[0,0,0,0,1,0,0,0,0]","Lurking distortion lies beneath the surface, adding depth"
"[0,0,0,0,1,0,0,0,0]",Radiating distortion spreads warmth throughout the arrangement
"[0,0,0,0,1,0,0,0,0]","Stuttering distortion pulses for a choppy, rhythmic effect"
"[0,0,0,0,1,0,0,0,0]",Resonating distortion enriches the lower end of the spectrum
"[0,0,0,0,1,0,0,0,0]",Tapered distortion gradually decreases for a smooth finish
"[0,0,0,0,1,0,0,0,0]",Amplified distortion boosts the overall volume and impact
"[0,0,0,0,1,0,0,0,0]",Shimmering distortion adds a sparkling top layer
"[0,0,0,0,1,0,0,0,0]","Oscillating distortion varies in intensity, mimicking a wave form"
"[0,0,0,0,1,0,0,0,0]",Sustaining distortion keeps long notes alive longer in solos
"[0,0,0,0,1,0,0,0,0]",Discreet distortion subtly enhances without dominating the soundscape
"[0,0,0,0,1,0,0,0,0]",Multi-layered distortion builds complexity
"[0,0,0,0,0,1,0,0,0]","Delay adds a spacious echo, enhancing the guitar's ambient feel"
"[0,0,0,0,0,1,0,0,0]","Subtle delay repeats soften notes, creating a gentle wash"
"[0,0,0,0,0,1,0,0,0]",Crisp delay reflections articulate rhythms in a precise manner
"[0,0,0,0,0,1,0,0,0]",Long delay settings create vast soundscapes for atmospheric playing
"[0,0,0,0,0,1,0,0,0]",Slapback delay gives rockabilly tones a vintage edge
"[0,0,0,0,0,1,0,0,0]","Feedback control on delay builds intense, soaring sound layers"
"[0,0,0,0,0,1,0,0,0]",Warm analog delay enriches the tone with each repeat
"[0,0,0,0,0,1,0,0,0]","Short delay intervals produce a thick, chorus-like effect"
"[0,0,0,0,0,1,0,0,0]",Tap tempo delay syncs echoes with live band tempo
"[0,0,0,0,0,1,0,0,0]",Stereo delay pans between speakers for an immersive experience
"[0,0,0,0,0,1,0,0,0]","Modulated delay introduces a shimmering, vibrato effect on tails"
"[0,0,0,0,0,1,0,0,0]",Digital delay offers crystal-clear repeats for defined echoes
"[0,0,0,0,0,1,0,0,0]","Reverse delay plays back notes in a surreal, dreamy sequence"
"[0,0,0,0,0,1,0,0,0]","Dynamic delay adjusts intensity with playing, supporting softer passages"
"[0,0,0,0,0,1,0,0,0]",Multi-tap delay patterns create complex rhythmic textures
"[0,0,0,0,0,1,0,0,0]","Delay time modulation warps the feel, adding unique character"
"[0,0,0,0,0,1,0,0,0]",High feedback settings generate a cascading wall of sound
"[0,0,0,0,0,1,0,0,0]",Delay mix control balances dry and wet signals perfectly
"[0,0,0,0,0,1,0,0,0]","Infinite delay loops phrases for layered, one-man-band performances"
"[0,0,0,0,0,1,0,0,0]",Delay with high-pass filter keeps echoes bright and clear
"[0,0,0,0,0,1,0,0,0]",Low-pass filter on delay rounds out harsh high ends
"[0,0,0,0,0,1,0,0,0]","Ducking delay lowers echo volume when playing, then swells"
"[0,0,0,0,0,1,0,0,0]",Ping-pong delay effect bounces sound across the stereo field
"[0,0,0,0,0,1,0,0,0]",Delay throw switch momentarily increases repeats for emphasis
"[0,0,0,0,0,1,0,0,0]",Gradual delay build-up enhances climactic parts of songs
"[0,0,0,0,0,1,0,0,0]",Subdivided delay settings syncopate rhythms for a groovy feel
"[0,0,0,0,0,1,0,0,0]",Delay spill-over allows echoes to continue after effect bypass
"[0,0,0,0,0,1,0,0,0]",Harmonized delay lines add musical intervals to original notes
"[0,0,0,0,0,1,0,0,0]",Gated delay cuts off echoes sharply for a staccato effect
"[0,0,0,0,0,1,0,0,0]",Tape-style delay emulates vintage echo units for nostalgic tones
"[0,0,0,0,0,1,0,0,0]","Delay with modulation depth control for swirly, liquid echoes"
"[0,0,0,0,0,1,0,0,0]",Adjustable delay spread widens the stereo image of echoes
"[0,0,0,0,0,1,0,0,0]",Layered delays set at different times for dense textures
"[0,0,0,0,0,1,0,0,0]",Preset delay rhythms match common echo patterns for ease
"[0,0,0,0,0,1,0,0,0]","Delay phase inversion for a disorienting, psychedelic effect"
"[0,0,0,0,0,1,0,0,0]",Filtered delay echoes morph tones for evolving soundscapes
"[0,0,0,0,0,1,0,0,0]",Tempo-synced delay aligns perfectly with track BPM
"[0,0,0,0,0,1,0,0,0]",Swelling echoes mimic the sound of rising tides
"[0,0,0,0,0,1,0,0,0]",Pitch-shifted delay changes note values in echoes for harmony
"[0,0,0,0,0,1,0,0,0]",Delay feedback damping controls echo brightness over time
"[0,0,0,0,0,1,0,0,0]",Pre-delay sets initial delay time before the effect starts
"[0,0,0,0,0,1,0,0,0]",Delay sends routed to separate tracks for mixing flexibility
"[0,0,0,0,0,1,0,0,0]",Customizable delay algorithms tailor the echo's decay shape
"[0,0,0,0,0,1,0,0,0]",Dry-only delay setting for unaffected guitar signal playback
"[0,0,0,0,0,1,0,0,0]",Delay rate controls the speed of echo repetitions
"[0,0,0,0,0,1,0,0,0]",Freeze delay holds the last note indefinitely for texture
"[0,0,0,0,0,1,0,0,0]",Delay trails continue after effect is switched off
"[0,0,0,0,0,1,0,0,0]",Progressive delay time increases create a rushing echo effect
"[0,0,0,0,0,1,0,0,0]",Groove delay syncs echo timing with specific rhythmic feels
"[0,0,0,0,0,1,0,0,0]",Delay expression pedal adjusts parameters in real-time
"[0,0,0,0,0,1,0,0,0]",Flutter and wow in tape delay add organic irregularities
"[0,0,0,0,0,1,0,0,0]",Glitch delay randomly alters repetitions for unexpected surprises
"[0,0,0,0,0,1,0,0,0]",Delay cross-feedback sends echoes between left and right channels
"[0,0,0,0,0,1,0,0,0]",LFO-modulated delay varies echo rhythm for dynamic effects
"[0,0,0,0,0,1,0,0,0]",Pattern delay sequences specific echo rhythms for structured repeats
"[0,0,0,0,0,1,0,0,0]",Multi-head tape delay simulates old-school tape echo units
"[0,0,0,0,0,1,0,0,0]",Delay auto-pan moves echoes across the stereo field rhythmically
"[0,0,0,0,0,1,0,0,0]",Diffused delay smears echoes for a reverb-like atmosphere
"[0,0,0,0,0,1,0,0,0]",Delay with tone control adjusts the color of the echoes
"[0,0,0,0,0,1,0,0,0]",Octave delay shifts repeats an octave higher or lower
"[0,0,0,0,0,1,0,0,0]",Triplets delay setting matches echo timing to triplet rhythms
"[0,0,0,0,0,1,0,0,0]",Stereo widening delay for a fuller guitar sound
"[0,0,0,0,0,1,0,0,0]",Bit-crushed delay adds digital distortion to echoes
"[0,0,0,0,0,1,0,0,0]",Randomized delay timings create unpredictable sonic textures
"[0,0,0,0,0,1,0,0,0]",Morphing delay transitions smoothly between different echo patterns
"[0,0,0,0,0,1,0,0,0]",Focused delay highlights specific frequencies in echoes
"[0,0,0,0,0,1,0,0,0]",Delay line mixer for blending multiple echo paths
"[0,0,0,0,0,1,0,0,0]",Dry out for parallel processing without affecting the original signal
"[0,0,0,0,0,1,0,0,0]",Synchronized delay lines create harmonious echo patterns
"[0,0,0,0,0,1,0,0,0]",Variable delay line curvature for non-linear echo fades
"[0,0,0,0,0,1,0,0,0]",Stereo field rotation via delay creates swirling effects
"[0,0,0,0,0,1,0,0,0]",Delay saturation emulates tape echo warmth and compression
"[0,0,0,0,0,1,0,0,0]","Low fidelity delay for lo-fi, gritty echo effects"
"[0,0,0,0,0,1,0,0,0]",Delay time reversal plays echoes backward for a unique effect
"[0,0,0,0,0,1,0,0,0]",Multi-dimensional delay layers different echo effects simultaneously
"[0,0,0,0,0,1,0,0,0]",Contoured delay shapes the dynamic response of echoes
"[0,0,0,0,0,1,0,0,0]",Delay hold function captures a phrase for repeated playback
"[0,0,0,0,0,1,0,0,0]",Adaptive delay timing changes based on tempo variations
"[0,0,0,0,0,0,1,0,0]","Tremolo pulses rhythmically, creating a wavering, dynamic volume effect"
"[0,0,0,0,0,0,1,0,0]",Smooth volume swells mimic the ebb and flow of tides
"[0,0,0,0,0,0,1,0,0]","Rapid tremolo settings generate a stuttering, choppy audio texture"
"[0,0,0,0,0,0,1,0,0]","Slow, deep tremolo adds a haunting, ghostly quality to notes"
"[0,0,0,0,0,0,1,0,0]","Shimmering tremolo effect gives a lush, vibrant sound landscape"
"[0,0,0,0,0,0,1,0,0]","Sinewave tremolo provides a soft, natural modulation to the tone"
"[0,0,0,0,0,0,1,0,0]","Square wave tremolo introduces a sharp, percussive modulation style"
"[0,0,0,0,0,0,1,0,0]","Gentle tremolo subtly undulates, barely noticeable yet enhancing"
"[0,0,0,0,0,0,1,0,0]","Intense tremolo cuts volume dramatically, creating dramatic sonic peaks"
"[0,0,0,0,0,0,1,0,0]",Tremolo speed synchronized with song tempo for rhythmic consistency
"[0,0,0,0,0,0,1,0,0]",Tremolo depth control allows for fine-tuning the effect's intensity
"[0,0,0,0,0,0,1,0,0]",Vintage tremolo emulates classic amp vibrato for nostalgic tones
"[0,0,0,0,0,0,1,0,0]","Stereo tremolo pans effect across channels, enveloping the listener"
"[0,0,0,0,0,0,1,0,0]","Harmonic tremolo separates frequencies, modulating them differently for richness"
"[0,0,0,0,0,0,1,0,0]",Subtle tremolo enriches clean tones without overwhelming the sound
"[0,0,0,0,0,0,1,0,0]","Deep, slow tremolo evokes cinematic soundscapes and emotional depth"
"[0,0,0,0,0,0,1,0,0]","High-speed tremolo adds a nervous, edgy tension to performances"
"[0,0,0,0,0,0,1,0,0]","Optical tremolo offers smooth, organic fluctuations in sound volume"
"[0,0,0,0,0,0,1,0,0]",Tremolo with adjustable waveforms tailors the effect to precise needs
"[0,0,0,0,0,0,1,0,0]",Continuous tremolo swell wraps the sound in rhythmic waves
"[0,0,0,0,0,0,1,0,0]",Intermittent tremolo pulsing adds intrigue to sustained chords
"[0,0,0,0,0,0,1,0,0]",Tremolo with expression pedal control for real-time effect manipulation
"[0,0,0,0,0,0,1,0,0]","Tremolo set to low depth for a soft, gentle presence"
"[0,0,0,0,0,0,1,0,0]","Asymmetric tremolo for unique, non-standard rhythmic patterns"
"[0,0,0,0,0,0,1,0,0]",Customizable tremolo parameters adapt the effect to any playing style
"[0,0,0,0,0,0,1,0,0]",Tremolo increases the perceived sustain of each note played
"[0,0,0,0,0,0,1,0,0]",Tremolo with a slight drive for added warmth and texture
"[0,0,0,0,0,0,1,0,0]",Tremolo effect layered subtly behind main tone for depth
"[0,0,0,0,0,0,1,0,0]",Manual tremolo rate adjustment simulates human-like fluctuations
"[0,0,0,0,0,0,1,0,0]",Tremolo that enhances rhythmic precision in strumming patterns
"[0,0,0,0,0,0,1,0,0]",Tremolo adds a percussive element to fingerpicked passages
"[0,0,0,0,0,0,1,0,0]",Envelope follower tremolo adjusts intensity based on playing dynamics
"[0,0,0,0,0,0,1,0,0]",Tremolo phase adjustment shifts the effect for varied sound
"[0,0,0,0,0,0,1,0,0]","Random depth tremolo for unpredictable, engaging sound changes"
"[0,0,0,0,0,0,1,0,0]",Tremolo with tone control modifies the coloration of the effect
"[0,0,0,0,0,0,1,0,0]",Synchronized tremolo pulsation aligns with rhythmic elements of the track
"[0,0,0,0,0,0,1,0,0]","Tremolo with high feedback for extended, lingering sound waves"
"[0,0,0,0,0,0,1,0,0]",Tremolo gate effect for sharply defined rhythmic modulation
"[0,0,0,0,0,0,1,0,0]",Tremolo ramping up and down for dynamic crescendos and decrescendos
"[0,0,0,0,0,0,1,0,0]",Adjustable tremolo spread widens or narrows the effect's reach
"[0,0,0,0,0,0,1,0,0]",Tremolo with delay adds echo layers to the modulation
"[0,0,0,0,0,0,1,0,0]","Tremolo inversion for an opposite, counteracting modulation effect"
"[0,0,0,0,0,0,1,0,0]",Tremolo with adjustable symmetry for changing the modulation shape
"[0,0,0,0,0,0,1,0,0]",Tremolo integrated with other modulation effects for complex textures
"[0,0,0,0,0,0,1,0,0]",Tremolo with saturation enhances harmonic content and warmth
"[0,0,0,0,0,0,1,0,0]",Tremolo tailored for live performances with foot-switchable controls
"[0,0,0,0,0,0,1,0,0]","Tremolo that accents melodic lines, making them more expressive"
"[0,0,0,0,0,0,1,0,0]",Tremolo with variable onset delay for staggered modulation entry
"[0,0,0,0,0,0,1,0,0]",Tremolo crossover splits signal into bands for selective effect application
"[0,0,0,0,0,0,1,0,0]",Tremolo that responds to harmonic content for adaptive modulation
"[0,0,0,0,0,0,1,0,0]",Tremolo with dynamic wave shaping for evolving sound textures
"[0,0,0,0,0,0,1,0,0]",Tremolo with stereo spread control for expansive audio effects
"[0,0,0,0,0,0,1,0,0]",Tremolo with depth modulation varies intensity over time
"[0,0,0,0,0,0,1,0,0]",Tremolo with waveform selection offers multiple modulation patterns
"[0,0,0,0,0,0,1,0,0]",Tremolo with a blend knob for perfect wet/dry mix
"[0,0,0,0,0,0,1,0,0]",Tremolo presets for quick setup and consistent sound
"[0,0,0,0,0,0,1,0,0]",Tremolo with tap tempo for precise live control
"[0,0,0,0,0,0,1,0,0]",Tremolo with LFO reset to synchronize the waveform at each note
"[0,0,0,0,0,0,1,0,0]",Tremolo ducking lowers effect intensity when playing forcefully
"[0,0,0,0,0,0,1,0,0]",Tremolo with phase inversion for stereo cancellation effects
"[0,0,0,0,0,0,1,0,0]",Tremolo presets save favorite settings for later use
"[0,0,0,0,0,0,1,0,0]",Tremolo with a ramp function for gradual effect introduction
"[0,0,0,0,0,0,1,0,0]",Tremolo that emphasizes high frequencies for shimmering effects
"[0,0,0,0,0,0,1,0,0]",Low-frequency emphasis tremolo for a deeper modulation effect
"[0,0,0,0,0,0,1,0,0]",Tremolo with peak detection adjusts to playing dynamics
"[0,0,0,0,0,0,1,0,0]",Tremolo with variable onset delay for staggered effect application
"[0,0,0,0,0,0,1,0,0]",Tremolo crossover splits signal into bands for focused effects
"[0,0,0,0,0,0,1,0,0]",Tremolo that responds to harmonic content for nuanced modulation
"[0,0,0,0,0,0,1,0,0]",Tremolo with adjustable feedback for customized sound tails
"[0,0,0,0,0,0,1,0,0]",Momentary tremolo engages effect only while activated
"[0,0,0,0,0,0,1,0,0]",Tremolo with expression input for hands-free control over parameters
"[0,0,0,0,0,0,1,0,0]",Tremolo enhances both electric and acoustic guitar performances
"[0,0,0,0,0,0,1,0,0]",Programmable tremolo settings save custom configurations
"[0,0,0,0,0,0,1,0,0]",Tremolo with ramp-up time control for smoother engagement
"[0,0,0,0,0,0,1,0,0]",Tremolo that adds rhythmic life to static passages
"[0,0,0,0,0,0,1,0,0]",Tremolo with multi-band processing for discrete frequency control
"[0,0,0,0,0,0,1,0,0]",Tremolo with waveform selection offers multiple modulation patterns
"[0,0,0,0,0,0,0,1,0]","Chorus creates a lush, expansive sound, widening the tonal landscape"
"[0,0,0,0,0,0,0,1,0]","Adds a shimmering quality, like gentle waves of sound"
"[0,0,0,0,0,0,0,1,0]","Multiplies the guitar's voice, giving an ensemble-like effect"
"[0,0,0,0,0,0,0,1,0]","Delivers a swirling, dreamy texture to clean or distorted tones"
"[0,0,0,0,0,0,0,1,0]",Softens and blends notes together for a smooth output
"[0,0,0,0,0,0,0,1,0]","Enhances depth, making simple chords rich and full"
"[0,0,0,0,0,0,0,1,0]",Provides a slight warble that enhances musical vibrancy
"[0,0,0,0,0,0,0,1,0]",Subtle modulation thickens the tone without overwhelming clarity
"[0,0,0,0,0,0,0,1,0]","Generates a stereo effect, spreading sound across the audio field"
"[0,0,0,0,0,0,0,1,0]","Introduces a liquid, flowing character to melodic lines"
"[0,0,0,0,0,0,0,1,0]",Makes rhythm guitar parts seem fuller and more present
"[0,0,0,0,0,0,0,1,0]","Brightens up the tone, adding sparkle to higher frequencies"
"[0,0,0,0,0,0,0,1,0]",Offers a sense of movement within sustained chords
"[0,0,0,0,0,0,0,1,0]","Produces a watery, fluid sound that ebbs and flows"
"[0,0,0,0,0,0,0,1,0]","Thickens solo lines, giving them a double-tracked feel"
"[0,0,0,0,0,0,0,1,0]","Modulates pitch slightly for a vibrant, dynamic effect"
"[0,0,0,0,0,0,0,1,0]",Gives a vintage feel reminiscent of classic rock records
"[0,0,0,0,0,0,0,1,0]","Envelops the listener with a warm, inviting tonal hug"
"[0,0,0,0,0,0,0,1,0]","Creates an atmospheric quality, ideal for ambient music styles"
"[0,0,0,0,0,0,0,1,0]","Enhances note definition with a glossy, polished finish"
"[0,0,0,0,0,0,0,1,0]","Provides a subtle undulation, mimicking a string ensemble"
"[0,0,0,0,0,0,0,1,0]","Builds a sonic halo around notes, lifting them in the mix"
"[0,0,0,0,0,0,0,1,0]","Adds a mystical, otherworldly quality to acoustic passages"
"[0,0,0,0,0,0,0,1,0]","Flattens dynamics slightly, promoting a consistent output level"
"[0,0,0,0,0,0,0,1,0]",Mimics the sound of playing in a large hall
"[0,0,0,0,0,0,0,1,0]",Generates a pulsating effect that breathes with the music
"[0,0,0,0,0,0,0,1,0]","Allows for expressive depth, enhancing emotional expression in playing"
"[0,0,0,0,0,0,0,1,0]",Maintains clarity even with significant depth and rate settings
"[0,0,0,0,0,0,0,1,0]",Brings a three-dimensional quality to mono guitar tracks
"[0,0,0,0,0,0,0,1,0]","Infuses leads with a lush texture, making them sing"
"[0,0,0,0,0,0,0,1,0]",Creates a haunting echo that trails each note subtly
"[0,0,0,0,0,0,0,1,0]","Widens the soundstage, making live performances feel bigger"
"[0,0,0,0,0,0,0,1,0]",Provides a detuned effect without losing tonal fidelity
"[0,0,0,0,0,0,0,1,0]",Enhances harmonic richness by doubling frequencies slightly
"[0,0,0,0,0,0,0,1,0]","Offers a resonant quality, thickening up the mid-range"
"[0,0,0,0,0,0,0,1,0]","Transforms plain riffs into complex, textured musical phrases"
"[0,0,0,0,0,0,0,1,0]",Delays signal slightly to create a rich overlapping effect
"[0,0,0,0,0,0,0,1,0]",Facilitates a vibrant backdrop for clean fingerpicking styles
"[0,0,0,0,0,0,0,1,0]",Amplifies the warmth of the guitar?s natural tone
"[0,0,0,0,0,0,0,1,0]","Contributes to a psychedelic vibe, perfect for experimental genres"
"[0,0,0,0,0,0,0,1,0]",Makes each chord strike resonate with added harmonic content
"[0,0,0,0,0,0,0,1,0]",Gives a modern edge to classic blues licks
"[0,0,0,0,0,0,0,1,0]","Sustains a magical, ethereal sound during quiet passages"
"[0,0,0,0,0,0,0,1,0]","Accentuates vibrato, making bends and vibrato more pronounced"
"[0,0,0,0,0,0,0,1,0]",Balances the sonic presence across all playing techniques
"[0,0,0,0,0,0,0,1,0]",Complements vocal melodies by thickening the accompanying guitar part
"[0,0,0,0,0,0,0,1,0]",Increases the perceived stereo width in headphone listening
"[0,0,0,0,0,0,0,1,0]",Enhances the percussive strumming with a modulating aftereffect
"[0,0,0,0,0,0,0,1,0]","Soft modulation settings provide a subtle, barely-there enhancement"
"[0,0,0,0,0,0,0,1,0]",Deep modulation adds a dramatic flair to solo performances
"[0,0,0,0,0,0,0,1,0]",Smoothens out rough edges in distorted guitar tones
"[0,0,0,0,0,0,0,1,0]",Allows for nuanced control over the effect?s intensity
"[0,0,0,0,0,0,0,1,0]",Creates an illusion of multiple guitars playing in sync
"[0,0,0,0,0,0,0,1,0]",Modulates the pitch up and down for a dynamic feel
"[0,0,0,0,0,0,0,1,0]","Layered chorus effect builds a complex, dense sound texture"
"[0,0,0,0,0,0,0,1,0]",Elevates the overall production quality of home recordings
"[0,0,0,0,0,0,0,1,0]",Adds a professional sheen to live guitar performances
"[0,0,0,0,0,0,0,1,0]",Gives an edge to metal tones by adding depth
"[0,0,0,0,0,0,0,1,0]",Makes clean passages resonate with a choir-like quality
"[0,0,0,0,0,0,0,1,0]",Fills out sparse arrangements by thickening the guitar?s output
"[0,0,0,0,0,0,0,1,0]","Pushes the guitar forward in a mix, enhancing presence"
"[0,0,0,0,0,0,0,1,0]",Adds a retro touch to modern guitar tracks
"[0,0,0,0,0,0,0,1,0]","Emphasizes melodic hooks, making them more memorable"
"[0,0,0,0,0,0,0,1,0]",Creates a sense of air and space around the notes
"[0,0,0,0,0,0,0,1,0]",Imparts a sonic richness that fills the listening space
"[0,0,0,0,0,0,0,1,0]","Enhances sustain, allowing notes to linger and meld"
"[0,0,0,0,0,0,0,1,0]","Infuses a sense of motion, making static parts groove"
"[0,0,0,0,0,0,0,1,0]",Provides a sonic cushion for lead guitar lines
"[0,0,0,0,0,0,0,1,0]",Adds a percussive tremble to palm-muted playing
"[0,0,0,0,0,0,0,1,0]",Makes each note pulse rhythmically with the music
"[0,0,0,0,0,0,0,1,0]",Brings a studio-quality depth to live guitar sounds
"[0,0,0,0,0,0,0,1,0]",Encourages creative exploration with adjustable depth and rate controls
"[0,0,0,0,0,0,0,1,0]",Allows guitarists to dial in the perfect amount of effect
"[0,0,0,0,0,0,0,1,0]","Makes solos stand out with a distinct, singing quality"
"[0,0,0,0,0,0,0,1,0]",Adds a touch of luxury to basic chord progressions
"[0,0,0,0,0,0,0,1,0]",Creates a full-bodied sound ideal for solo acoustic performances
"[0,0,0,0,0,0,0,1,0]","Wraps the guitar tone in a rich, velvety texture"
"[0,0,0,0,0,0,0,0,1]","Flanger creates a swirling, jet-like whoosh enveloping the guitar tone"
"[0,0,0,0,0,0,0,0,1]","Adds a psychedelic, spacey quality to simple chord progressions"
"[0,0,0,0,0,0,0,0,1]",Produces a metallic swoosh that cycles up and down
"[0,0,0,0,0,0,0,0,1]","Gives the tone a resonant, singing quality with each sweep"
"[0,0,0,0,0,0,0,0,1]","Mimics a moving sound, as if flying through air"
"[0,0,0,0,0,0,0,0,1]","Generates a pronounced, throbbing wave throughout the musical piece"
"[0,0,0,0,0,0,0,0,1]",Introduces a futuristic vibe to lead guitar licks
"[0,0,0,0,0,0,0,0,1]","Enhances rhythm parts with a subtle, pulsating modulation"
"[0,0,0,0,0,0,0,0,1]","Layers notes with a thick, syrupy texture that stands out"
"[0,0,0,0,0,0,0,0,1]",Sounds like a choir of phased guitars playing simultaneously
"[0,0,0,0,0,0,0,0,1]",Deep flange effect transforms the guitar into a synth-like instrument
"[0,0,0,0,0,0,0,0,1]","Emphasizes the attack of notes, adding a shimmering effect"
"[0,0,0,0,0,0,0,0,1]","Flanger set to slow rate for a gradual, hypnotic modulation"
"[0,0,0,0,0,0,0,0,1]",Creates a tunnel-like reverberation that enhances spatial perception
"[0,0,0,0,0,0,0,0,1]","Fast rate flanger adds an aggressive, edgy character to solos"
"[0,0,0,0,0,0,0,0,1]",Subtle flanging brings a glossy polish to clean tones
"[0,0,0,0,0,0,0,0,1]","Delivers a sharp, cutting sound ideal for modern rock"
"[0,0,0,0,0,0,0,0,1]",Manual flanger control manipulates the effect in real time
"[0,0,0,0,0,0,0,0,1]",Swooping sound of flanger mimics a smooth wave crash
"[0,0,0,0,0,0,0,0,1]",Imparts a dynamic bounce to strummed chords and riffs
"[0,0,0,0,0,0,0,0,1]","Adds a unique, alien-like timbre to the guitar?s voice"
"[0,0,0,0,0,0,0,0,1]",Combines phase shift and delay for a rich echo effect
"[0,0,0,0,0,0,0,0,1]","Modulates the tone with a rhythmic, wave-like motion"
"[0,0,0,0,0,0,0,0,1]",Enhances harmonic content by emphasizing certain overtones
"[0,0,0,0,0,0,0,0,1]","Flanger feedback intensifies the effect, creating a deeper whoosh"
"[0,0,0,0,0,0,0,0,1]",Brightens the overall tone with its sweeping motion
"[0,0,0,0,0,0,0,0,1]",Low-depth setting provides a subtle enhancement to rhythm playing
"[0,0,0,0,0,0,0,0,1]",Metallic undertones add a chime-like clarity to high notes
"[0,0,0,0,0,0,0,0,1]","Produces a hollow, tube-like resonance that?s unmistakably flanged"
"[0,0,0,0,0,0,0,0,1]",Deep modulation makes the guitar sound thick and fluid
"[0,0,0,0,0,0,0,0,1]",Flanger with high feedback creates a more intense resonance
"[0,0,0,0,0,0,0,0,1]",Sweeping effect makes each note feel alive and moving
"[0,0,0,0,0,0,0,0,1]","Infuses a dramatic, theatrical quality into melodic solos"
"[0,0,0,0,0,0,0,0,1]","Slow sweep rate yields a dreamy, languid sound texture"
"[0,0,0,0,0,0,0,0,1]",High-speed flanging injects excitement and frenzy into performances
"[0,0,0,0,0,0,0,0,1]",Generates a vortex of sound that envelops the listener
"[0,0,0,0,0,0,0,0,1]",Creates a sonic illusion of the guitar spinning around
"[0,0,0,0,0,0,0,0,1]","Adds a sparkling, effervescent quality to picked notes"
"[0,0,0,0,0,0,0,0,1]",Delicate flanger settings enhance the guitar?s natural acoustics
"[0,0,0,0,0,0,0,0,1]",Broad sweep range expands the tonal possibilities of the guitar
"[0,0,0,0,0,0,0,0,1]",Provides a sonic wash that ebbs and flows dynamically
"[0,0,0,0,0,0,0,0,1]","Imparts a liquid, flowing character to distorted guitar tones"
"[0,0,0,0,0,0,0,0,1]",Dynamic flanger response accentuates the intensity of playing
"[0,0,0,0,0,0,0,0,1]",Allows for expressive sound sculpting with variable speed controls
"[0,0,0,0,0,0,0,0,1]",Manual sweep feature lets players tailor the flange effect
"[0,0,0,0,0,0,0,0,1]","Adds a percussive, rhythmic pulse to palm-muted riffs"
"[0,0,0,0,0,0,0,0,1]","Thickens up lead lines, giving them a solid presence"
"[0,0,0,0,0,0,0,0,1]",Enhances clarity and adds definition to each strum
"[0,0,0,0,0,0,0,0,1]","Flanger phase reversal introduces a disorienting, surreal sound effect"
"[0,0,0,0,0,0,0,0,1]","Creates an oscillating pressure effect, as if underwater"
"[0,0,0,0,0,0,0,0,1]",Makes the guitar sound as if it?s moving in waves
"[0,0,0,0,0,0,0,0,1]","Increases the stereo width, creating a more immersive experience"
"[0,0,0,0,0,0,0,0,1]",Flanger with dry/wet mix control balances the effect intensity
"[0,0,0,0,0,0,0,0,1]",Offers a distinctive swirling echo that fills the sonic space
"[0,0,0,0,0,0,0,0,1]","Provides a churning, undulating background texture to solos"
"[0,0,0,0,0,0,0,0,1]",Enhances musical articulation with a dramatic flange effect
"[0,0,0,0,0,0,0,0,1]",Creates a sweeping sonic landscape for experimental music styles
"[0,0,0,0,0,0,0,0,1]",Adds a distinctive metallic edge to power chords
"[0,0,0,0,0,0,0,0,1]",Produces a resonant feedback loop that intensifies the effect
"[0,0,0,0,0,0,0,0,1]",Flanger depth control adjusts the intensity of the modulation
"[0,0,0,0,0,0,0,0,1]",Gives a vintage analog warmth with its rich modulation
"[0,0,0,0,0,0,0,0,1]",Injects a sense of urgency and vibrato into each note
"[0,0,0,0,0,0,0,0,1]",Makes each chord progression more intriguing and complex
"[0,0,0,0,0,0,0,0,1]",Manual flange setting mimics the sound of tape dragging
"[0,0,0,0,0,0,0,0,1]","Delivers a robust, full-bodied tone with complex harmonics"
"[0,0,0,0,0,0,0,0,1]",Allows subtle phasing nuances that enrich clean guitar parts
"[0,0,0,0,0,0,0,0,1]",Enables dynamic wave shaping for customizable sound effects
"[0,0,0,0,0,0,0,0,1]",Manual mode offers expressive control over the modulation waveform
"[0,0,0,0,0,0,0,0,1]",Adjustable regeneration settings intensify the flange effect dramatically
"[0,0,0,0,0,0,0,0,1]","Infuses solos with a swirling, captivating sonic motion"
"[0,0,0,0,0,0,0,0,1]","Creates a moving sonic image, as if shifting spatially"
"[0,0,0,0,0,0,0,0,1]",Flanger rate adjustments provide a range from subtle to extreme
"[0,0,0,0,0,0,0,0,1]","Adds a haunting, otherworldly dimension to ambient tracks"
"[0,0,0,0,0,0,0,0,1]","Converts simple riffs into lush, expansive musical statements"
"[0,0,0,0,0,0,0,0,1]",Enhances the textural quality of the guitar?s output
"[0,0,0,0,0,0,0,0,1]","Provides a pronounced, oscillating effect for psychedelic vibes"
